Title Number,Title Name
Title 1,Firefox Proxy Settings: Step-by-Step Tutorial
Title 2,What Are Residential Proxies? A Comprehensive Guide
Title 3,How to Set Up a Proxy on Windows 10: In-depth Guide
Title 4,Why Use a Proxy Server?
Title 5,The Different Types of Proxies Explained
Title 6,What Is a Sneaker Bot and How Does It Work in 2023?
Title 7,Another Nike Bot: Nike SNKRS Bot Review
Title 8,Should You Still Use Better Nike Bot in 2023? BNB Bot Review
Title 9,AIO Bot Review
Title 10,Cybersole Review
Title 11,Octoparse Review
Title 12,The Real Size of Residential Proxy Pools
